gsm	title	cel	diagnosis	donor	region	sex	age	race	pmi	ph	rin	sex_expr	mixed_sex_donor
GSM1304852	bipolar_hip_10	GSM1304852_10_BP_HPC.CEL.gz	BD	BD_10	hip	M	52.0	W	23.5	6.7	6.3	M	False
GSM1304853	bipolar_hip_11	GSM1304853_11_BP_HPC.CEL.gz	BD	BD_11	hip	F	50.0	W	11.7	6.4	6.8	F	False
GSM1304854	bipolar_hip_12	GSM1304854_12_BP_HPC.CEL.gz	BD	BD_12	hip	F	28.0	W	22.3	6.3	7.7	F	False
GSM1304855	bipolar_hip_13	GSM1304855_13_BP_HPC.CEL.gz	BD	BD_13	hip	F	55.0	W	17.5	6.4	7.6	F	False
GSM1304856	bipolar_hip_14	GSM1304856_14_BP_HPC.CEL.gz	BD	BD_14	hip	M	58.0	W	27.7	6.8	7.0	M	False
GSM1304857	bipolar_hip_15	GSM1304857_15_BP_HPC.CEL.gz	BD	BD_15	hip	M	28.0	W	27.4	6.2	7.7	M	False
GSM1304858	bipolar_hip_16	GSM1304858_16_BP_HPC.CEL.gz	BD	BD_16	hip	F	49.0	W	21.5	6.7	8.2	F	False
GSM1304859	bipolar_hip_18	GSM1304859_18_BP_HPC.CEL.gz	BD	BD_18	hip	F	42.0	W	31.2	6.5	5.6	M	True
GSM1304860	bipolar_hip_19	GSM1304860_19_BP_HPC.CEL.gz	BD	BD_19	hip	F	43.0	W	31.9	6.7	6.3	F	False
GSM1304861	bipolar_hip_1	GSM1304861_1_BP_HPC.CEL.gz	BD	BD_1	hip	M	50.0	W	12.1	6.7	7.4	M	False
GSM1304862	bipolar_hip_2	GSM1304862_2_BP_HPC.CEL.gz	BD	BD_2	hip	M	40.0	W	18.5	6.4	6.5	M	False
GSM1304863	bipolar_hip_3	GSM1304863_3_BP_HPC.CEL.gz	BD	BD_3	hip	F	39.0	W	22.2	6.7	7.9	F	False
GSM1304864	bipolar_hip_4	GSM1304864_4_BP_HPC.CEL.gz	BD	BD_4	hip	M	45.0	W	27.2	7.1	8.1	M	False
GSM1304865	bipolar_hip_5	GSM1304865_5_BP_HPC.CEL.gz	BD	BD_5	hip	M	42.0	W	12.5	6.7	8.2	M	False
GSM1304866	bipolar_hip_6	GSM1304866_6_BP_HPC.CEL.gz	BD	BD_6	hip	M	65.0	W	8.9	6.7	6.6	M	False
GSM1304867	bipolar_hip_7	GSM1304867_7_BP_HPC.CEL.gz	BD	BD_7	hip	F	51.0	W	21.5	6.7	7.0	F	False
GSM1304868	bipolar_hip_8	GSM1304868_8_BP_HPC.CEL.gz	BD	BD_8	hip	M	39.0	W	24.2	6.6	7.8	M	False
GSM1304869	bipolar_hip_9	GSM1304869_9_BP_HPC.CEL.gz	BD	BD_9	hip	M	48.0	W	18.1	6.9	7.0	M	False
GSM1304870	control_hip_10	GSM1304870_10_C_HPC.CEL.gz	Control	Control_10	hip	M	51.0	W	24.2	6.6	7.8	M	False
GSM1304871	control_hip_11	GSM1304871_11_C_HPC.CEL.gz	Control	Control_11	hip	F	51.0	W	7.8	6.6	7.2	F	False
GSM1304872	control_hip_12	GSM1304872_12_C_HPC.CEL.gz	Control	Control_12	hip	F	36.0	W	14.5	6.4	8.0	F	False
GSM1304873	control_hip_13	GSM1304873_13_C_HPC.CEL.gz	Control	Control_13	hip	F	65.0	W	18.5	6.5	7.0	F	False
GSM1304874	control_hip_14	GSM1304874_14_C_HPC.CEL.gz	Control	Control_14	hip	M	55.0	W	28.0	6.1	6.8	M	False
GSM1304875	control_hip_15	GSM1304875_15_C_HPC.CEL.gz	Control	Control_15	hip	M	22.0	W	20.1	6.8	7.1	M	False
GSM1304876	control_hip_16	GSM1304876_16_C_HPC.CEL.gz	Control	Control_16	hip	F	52.0	W	22.6	7.1	7.0	F	False
GSM1304877	control_hip_17	GSM1304877_17_C_HPC.CEL.gz	Control	Control_17	hip	F	58.0	W	22.7	6.4	6.3	F	False
GSM1304878	control_hip_18	GSM1304878_18_C_HPC.CEL.gz	Control	Control_18	hip	F	40.0	B	16.6	6.8	7.9	F	False
GSM1304879	control_hip_19	GSM1304879_19_C_HPC.CEL.gz	Control	Control_19	hip	F	41.0	W	15.4	6.6	8.5	F	False
GSM1304880	control_hip_1	GSM1304880_1_C_HPC.CEL.gz	Control	Control_1	hip	M	49.0	W	21.2	6.5	7.8	M	False
GSM1304881	control_hip_2	GSM1304881_2_C_HPC.CEL.gz	Control	Control_2	hip	M	48.0	W	21.68	6.6	7.3	M	False
GSM1304882	control_hip_3	GSM1304882_3_C_HPC.CEL.gz	Control	Control_3	hip	F	39.0	W	24.5	6.8	8.2	F	False
GSM1304883	control_hip_4	GSM1304883_4_C_HPC.CEL.gz	Control	Control_4	hip	M	48.0	W	24.5	6.5	7.0	M	False
GSM1304884	control_hip_5	GSM1304884_5_C_HPC.CEL.gz	Control	Control_5	hip	M	43.0	W	13.8	6.6	7.6	M	False
GSM1304885	control_hip_6	GSM1304885_6_C_HPC.CEL.gz	Control	Control_6	hip	M	68.0	W	11.8	6.8	6.1	M	False
GSM1304886	control_hip_7	GSM1304886_7_C_HPC.CEL.gz	Control	Control_7	hip	F	58.0	W	18.8	6.6	7.2	M	False
GSM1304887	control_hip_8	GSM1304887_8_C_HPC.CEL.gz	Control	Control_8	hip	M	43.0	W	22.3	6.7	7.9	M	False
GSM1304888	MDD_hip_10	GSM1304888_10_MDD_HPC.CEL.gz	MDD	MDD_10	hip	M	51.0	W	24.6	6.5	7.7	M	False
GSM1304889	MDD_hip_11	GSM1304889_11_MDD_HPC.CEL.gz	MDD	MDD_11	hip	F	53.0	W	11.9	6.7	8.1	M	True
GSM1304890	MDD_hip_12	GSM1304890_12_MDD_HPC.CEL.gz	MDD	MDD_12	hip	F	26.0	W	13.4	6.4	7.5	F	False
GSM1304891	MDD_hip_13	GSM1304891_13_MDD_HPC.CEL.gz	MDD	MDD_13	hip	F	52.0	W	10.3	6.5	6.6	F	False
GSM1304892	MDD_hip_14	GSM1304892_14_MDD_HPC.CEL.gz	MDD	MDD_14	hip	M	62.0	W	26.0	6.5	6.8	M	False
GSM1304893	MDD_hip_15	GSM1304893_15_MDD_HPC.CEL.gz	MDD	MDD_15	hip	M	29.0	W	26.6	6.9	7.8	M	False
GSM1304894	MDD_hip_16	GSM1304894_16_MDD_HPC.CEL.gz	MDD	MDD_16	hip	F	49.0	W	23.4	6.4	6.2	F	False
GSM1304895	MDD_hip_17	GSM1304895_17_MDD_HPC.CEL.gz	MDD	MDD_17	hip	F	54.0	W	17.9	6.2	6.1	F	False
GSM1304896	MDD_hip_19	GSM1304896_19_MDD_HPC.CEL.gz	MDD	MDD_19	hip	F	28.0	B	24.8	6.6	8.2	F	False
GSM1304897	MDD_hip_1	GSM1304897_1_MDD_HPC.CEL.gz	MDD	MDD_1	hip	M	42.0	W	14.3	6.4	6.2	M	False
GSM1304898	MDD_hip_2	GSM1304898_2_MDD_HPC.CEL.gz	MDD	MDD_2	hip	M	44.0	W	19.3	6.5	6.3	F	True
GSM1304899	MDD_hip_3	GSM1304899_3_MDD_HPC.CEL.gz	MDD	MDD_3	hip	F	40.0	W	22.2	6.6	8.0	F	False
GSM1304900	MDD_hip_4	GSM1304900_4_MDD_HPC.CEL.gz	MDD	MDD_4	hip	M	47.0	W	24.0	6.6	5.5	M	False
GSM1304901	MDD_hip_6	GSM1304901_6_MDD_HPC.CEL.gz	MDD	MDD_6	hip	M	59.0	W	13.0	6.6	7.2	M	False
GSM1304902	MDD_hip_7	GSM1304902_7_MDD_HPC.CEL.gz	MDD	MDD_7	hip	F	47.0	W	22.3	6.6	6.5	F	False
GSM1304903	MDD_hip_8	GSM1304903_8_MDD_HPC.CEL.gz	MDD	MDD_8	hip	M	34.0	W	24.4	6.6	8.4	M	False
GSM1304904	MDD_hip_9	GSM1304904_9_MDD_HPC.CEL.gz	MDD	MDD_9	hip	M	51.0	W	28.3	7.3	7.0	M	False
GSM1304905	schiz_hip_10	GSM1304905_10_SCZ_HPC.CEL.gz	SCZ	SCZ_10	hip	M	49.0	W	21.5	5.97	6.0	M	False
GSM1304906	schiz_hip_11	GSM1304906_11_SCZ_HPC.CEL.gz	SCZ	SCZ_11	hip	F	47.0	W	14.37	6.35	6.3	F	False
GSM1304907	schiz_hip_12	GSM1304907_12_SCZ_HPC.CEL.gz	SCZ	SCZ_12	hip	F	25.0	B	20.1	6.73	5.6	F	False
GSM1304908	schiz_hip_14	GSM1304908_14_SCZ_HPC.CEL.gz	SCZ	SCZ_14	hip	M	62.0	W	22.7	7.14	6.3	M	False
GSM1304909	schiz_hip_18	GSM1304909_18_SCZ_HPC.CEL.gz	SCZ	SCZ_18	hip	F	44.0	W	24.5	6.63	7.8	F	False
GSM1304910	schiz_hip_19	GSM1304910_19_SCZ_HPC.CEL.gz	SCZ	SCZ_19	hip	F	46.0	W	23.8	6.61	6.9	F	False
GSM1304911	schiz_hip_1	GSM1304911_1_SCZ_HPC.CEL.gz	SCZ	SCZ_1	hip	M	50.0	W	11.0	6.23	7.2	M	False
GSM1304912	schiz_hip_2	GSM1304912_2_SCZ_HPC.CEL.gz	SCZ	SCZ_2	hip	M	46.0	W	15.8	6.19	6.2	M	False
GSM1304913	schiz_hip_3	GSM1304913_3_SCZ_HPC.CEL.gz	SCZ	SCZ_3	hip	F	41.0	W	20.1	6.27	6.7	F	False
GSM1304914	schiz_hip_4	GSM1304914_4_SCZ_HPC.CEL.gz	SCZ	SCZ_4	hip	M	47.0	W	28.9	6.58	6.7	F	True
GSM1304915	schiz_hip_5	GSM1304915_5_SCZ_HPC.CEL.gz	SCZ	SCZ_5	hip	M	37.0	B	5.98	6.07	6.4	M	False
GSM1304916	schiz_hip_6	GSM1304916_6_SCZ_HPC.CEL.gz	SCZ	SCZ_6	hip	M	58.0	W	7.7	6.22	6.7	M	False
GSM1304917	schiz_hip_7	GSM1304917_7_SCZ_HPC.CEL.gz	SCZ	SCZ_7	hip	F	44.0	B	18.7	6.2	6.4	M	True
GSM1304918	schiz_hip_8	GSM1304918_8_SCZ_HPC.CEL.gz	SCZ	SCZ_8	hip	M	38.0	W	28.8	6.56	6.6	M	False
GSM1304919	schiz_hip_9	GSM1304919_9_SCZ_HPC.CEL.gz	SCZ	SCZ_9	hip	M	52.0	B	27.1	6.68	6.3	M	False
GSM1304920	bipolar_pfc_10	GSM1304920_10_BP_B46.CEL.gz	BD	BD_10	pfc	M	52.0	W	23.5	6.7	7.2	M	False
GSM1304921	bipolar_pfc_11	GSM1304921_11_BP_B46.CEL.gz	BD	BD_11	pfc	F	50.0	W	11.7	6.4	8.6	F	False
GSM1304922	bipolar_pfc_12	GSM1304922_12_BP_B46.CEL.gz	BD	BD_12	pfc	F	28.0	W	22.3	6.3	8.6	F	False
GSM1304923	bipolar_pfc_13	GSM1304923_13_BP_B46.CEL.gz	BD	BD_13	pfc	F	55.0	W	17.5	6.4	8.0	F	False
GSM1304924	bipolar_pfc_14	GSM1304924_14_BP_B46.CEL.gz	BD	BD_14	pfc	M	58.0	W	27.7	6.8	7.5	M	False
GSM1304925	bipolar_pfc_15	GSM1304925_15_BP_B46.CEL.gz	BD	BD_15	pfc	M	28.0	W	27.4	6.2	7.9	M	False
GSM1304926	bipolar_pfc_16	GSM1304926_16_BP_B46.CEL.gz	BD	BD_16	pfc	F	49.0	W	21.5	6.7	8.1	F	False
GSM1304927	bipolar_pfc_17	GSM1304927_17_BP_B46.CEL.gz	BD	BD_17	pfc	F	56.0	W	24.5	6.1	6.9	F	False
GSM1304928	bipolar_pfc_1	GSM1304928_1_BP_B46.CEL.gz	BD	BD_1	pfc	M	50.0	W	12.1	6.7	7.6	M	False
GSM1304929	bipolar_pfc_2	GSM1304929_2_BP_B46.CEL.gz	BD	BD_2	pfc	M	40.0	W	18.5	6.4	7.9	M	False
GSM1304930	bipolar_pfc_3	GSM1304930_3_BP_B46.CEL.gz	BD	BD_3	pfc	F	39.0	W	22.2	6.7	7.8	F	False
GSM1304931	bipolar_pfc_4	GSM1304931_4_BP_B46.CEL.gz	BD	BD_4	pfc	M	45.0	W	27.2	7.1	7.3	M	False
GSM1304932	bipolar_pfc_5	GSM1304932_5_BP_B46.CEL.gz	BD	BD_5	pfc	M	42.0	W	12.5	6.7	7.6	M	False
GSM1304933	bipolar_pfc_6	GSM1304933_6_BP_B46.CEL.gz	BD	BD_6	pfc	M	65.0	W	8.9	6.7	6.9	M	False
GSM1304934	bipolar_pfc_7	GSM1304934_7_BP_B46.CEL.gz	BD	BD_7	pfc	F	51.0	W	21.5	6.7	7.7	F	False
GSM1304935	bipolar_pfc_8	GSM1304935_8_BP_B46.CEL.gz	BD	BD_8	pfc	M	39.0	W	24.2	6.6	7.3	M	False
GSM1304936	bipolar_pfc_9	GSM1304936_9_BP_B46.CEL.gz	BD	BD_9	pfc	M	48.0	W	18.1	6.9	8.2	M	False
GSM1304937	control_pfc_10	GSM1304937_10_C_B46.CEL.gz	Control	Control_10	pfc	M	51.0	W	24.2	6.6	7.9	M	False
GSM1304938	control_pfc_11	GSM1304938_11_C_B46.CEL.gz	Control	Control_11	pfc	F	51.0	W	7.8	6.6	8.6	F	False
GSM1304939	control_pfc_12	GSM1304939_12_C_B46.CEL.gz	Control	Control_12	pfc	F	36.0	W	14.5	6.4	8.6	F	False
GSM1304940	control_pfc_13	GSM1304940_13_C_B46.CEL.gz	Control	Control_13	pfc	F	65.0	W	18.5	6.5	8.3	F	False
GSM1304941	control_pfc_14	GSM1304941_14_C_B46.CEL.gz	Control	Control_14	pfc	M	55.0	W	28.0	6.1	7.9	M	False
GSM1304942	control_pfc_15	GSM1304942_15_C_B46.CEL.gz	Control	Control_15	pfc	M	22.0	W	20.1	6.8	8.1	M	False
GSM1304943	control_pfc_16	GSM1304943_16_C_B46.CEL.gz	Control	Control_16	pfc	F	52.0	W	22.6	7.1	8.2	F	False
GSM1304944	control_pfc_17	GSM1304944_17_C_B46.CEL.gz	Control	Control_17	pfc	F	58.0	W	22.7	6.4	8.0	F	False
GSM1304945	control_pfc_18	GSM1304945_18_C_B46.CEL.gz	Control	Control_18	pfc	F	40.0	B	16.6	6.8	8.2	F	False
GSM1304946	control_pfc_19	GSM1304946_19_C_B46.CEL.gz	Control	Control_19	pfc	F	41.0	W	15.4	6.6	8.2	F	False
GSM1304947	control_pfc_1	GSM1304947_1_C_B46.CEL.gz	Control	Control_1	pfc	M	49.0	W	21.2	6.5	7.9	M	False
GSM1304948	control_pfc_2	GSM1304948_2_C_B46.CEL.gz	Control	Control_2	pfc	M	48.0	W	21.68	6.6	7.5	M	False
GSM1304949	control_pfc_3	GSM1304949_3_C_B46.CEL.gz	Control	Control_3	pfc	F	39.0	W	24.5	6.8	7.4	F	False
GSM1304950	control_pfc_4	GSM1304950_4_C_B46.CEL.gz	Control	Control_4	pfc	M	48.0	W	24.5	6.5	6.8	M	False
GSM1304951	control_pfc_5	GSM1304951_5_C_B46.CEL.gz	Control	Control_5	pfc	M	43.0	W	13.8	6.6	7.5	M	False
GSM1304952	control_pfc_6	GSM1304952_6_C_B46.CEL.gz	Control	Control_6	pfc	M	68.0	W	11.8	6.8	6.7	M	False
GSM1304953	control_pfc_7	GSM1304953_7_C_B46.CEL.gz	Control	Control_7	pfc	F	58.0	W	18.8	6.6	8.7	M	False
GSM1304954	control_pfc_8	GSM1304954_8_C_B46.CEL.gz	Control	Control_8	pfc	M	43.0	W	22.3	6.7	8.0	M	False
GSM1304955	control_pfc_9	GSM1304955_9_C_B46.CEL.gz	Control	Control_9	pfc	M	46.0	W	22.0	6.3	6.6	M	False
GSM1304956	MDD_pfc_10	GSM1304956_10_MDD_B46.CEL.gz	MDD	MDD_10	pfc	M	51.0	W	24.6	6.5	7.8	M	False
GSM1304957	MDD_pfc_11	GSM1304957_11_MDD_B46.CEL.gz	MDD	MDD_11	pfc	F	53.0	W	11.9	6.7	8.4	F	True
GSM1304958	MDD_pfc_12	GSM1304958_12_MDD_B46.CEL.gz	MDD	MDD_12	pfc	F	26.0	W	13.4	6.4	8.4	F	False
GSM1304959	MDD_pfc_13	GSM1304959_13_MDD_B46.CEL.gz	MDD	MDD_13	pfc	F	52.0	W	10.3	6.5	8.1	F	False
GSM1304960	MDD_pfc_14	GSM1304960_14_MDD_B46.CEL.gz	MDD	MDD_14	pfc	M	62.0	W	26.0	6.5	7.8	M	False
GSM1304961	MDD_pfc_15	GSM1304961_15_MDD_B46.CEL.gz	MDD	MDD_15	pfc	M	29.0	W	26.6	6.9	8.2	M	False
GSM1304962	MDD_pfc_16	GSM1304962_16_MDD_B46.CEL.gz	MDD	MDD_16	pfc	F	49.0	W	23.4	6.4	7.6	F	False
GSM1304963	MDD_pfc_17	GSM1304963_17_MDD_B46.CEL.gz	MDD	MDD_17	pfc	F	54.0	W	17.9	6.2	7.5	F	False
GSM1304964	MDD_pfc_19	GSM1304964_19_MDD_B46.CEL.gz	MDD	MDD_19	pfc	F	28.0	B	24.8	6.6	7.9	F	False
GSM1304965	MDD_pfc_1	GSM1304965_1_MDD_B46.CEL.gz	MDD	MDD_1	pfc	M	42.0	W	14.3	6.4	8.4	M	False
GSM1304966	MDD_pfc_3	GSM1304966_3_MDD_B46.CEL.gz	MDD	MDD_3	pfc	F	40.0	W	22.2	6.6	7.7	F	False
GSM1304967	MDD_pfc_4	GSM1304967_4_MDD_B46.CEL.gz	MDD	MDD_4	pfc	M	47.0	W	24.0	6.6	6.8	M	False
GSM1304968	MDD_pfc_5	GSM1304968_5_MDD_B46.CEL.gz	MDD	MDD_5	pfc	M	44.0	W	11.0	6.5	7.2	M	False
GSM1304969	MDD_pfc_6	GSM1304969_6_MDD_B46.CEL.gz	MDD	MDD_6	pfc	M	59.0	W	13.0	6.6	7.7	M	False
GSM1304970	MDD_pfc_7	GSM1304970_7_MDD_B46.CEL.gz	MDD	MDD_7	pfc	F	47.0	W	22.3	6.6	6.7	F	False
GSM1304971	MDD_pfc_8	GSM1304971_8_MDD_B46.CEL.gz	MDD	MDD_8	pfc	M	34.0	W	24.4	6.6	7.8	M	False
GSM1304972	MDD_pfc_9	GSM1304972_9_MDD_B46.CEL.gz	MDD	MDD_9	pfc	M	51.0	W	28.3	7.3	7.7	M	False
GSM1304973	schiz_pfc_10	GSM1304973_10_SCZ_B46.CEL.gz	SCZ	SCZ_10	pfc	M	49.0	W	21.5	5.97	7.0	M	False
GSM1304974	schiz_pfc_11	GSM1304974_11_SCZ_B46.CEL.gz	SCZ	SCZ_11	pfc	F	47.0	W	14.37	6.35	9.0	F	False
GSM1304975	schiz_pfc_12	GSM1304975_12_SCZ_B46.CEL.gz	SCZ	SCZ_12	pfc	F	25.0	B	20.1	6.73	7.2	F	False
GSM1304976	schiz_pfc_13	GSM1304976_13_SCZ_B46.CEL.gz	SCZ	SCZ_13	pfc	F	41.0	W	17.1	6.9	8.3	F	False
GSM1304977	schiz_pfc_14	GSM1304977_14_SCZ_B46.CEL.gz	SCZ	SCZ_14	pfc	M	62.0	W	22.7	7.14	8.1	M	False
GSM1304978	schiz_pfc_16	GSM1304978_16_SCZ_B46.CEL.gz	SCZ	SCZ_16	pfc	F	47.0	B	20.1	7.3	8.1	F	False
GSM1304979	schiz_pfc_18	GSM1304979_18_SCZ_B46.CEL.gz	SCZ	SCZ_18	pfc	F	44.0	W	24.5	6.63	7.6	F	False
GSM1304980	schiz_pfc_19	GSM1304980_19_SCZ_B46.CEL.gz	SCZ	SCZ_19	pfc	F	46.0	W	23.8	6.61	8.0	F	False
GSM1304981	schiz_pfc_1	GSM1304981_1_SCZ_B46.CEL.gz	SCZ	SCZ_1	pfc	M	50.0	W	11.0	6.23	8.4	M	False
GSM1304982	schiz_pfc_3	GSM1304982_3_SCZ_B46.CEL.gz	SCZ	SCZ_3	pfc	F	41.0	W	20.1	6.27	7.4	F	False
GSM1304983	schiz_pfc_4	GSM1304983_4_SCZ_B46.CEL.gz	SCZ	SCZ_4	pfc	M	47.0	W	28.9	6.58	7.0	M	True
GSM1304984	schiz_pfc_5	GSM1304984_5_SCZ_B46.CEL.gz	SCZ	SCZ_5	pfc	M	37.0	B	5.98	6.07	6.3	M	False
GSM1304985	schiz_pfc_6	GSM1304985_6_SCZ_B46.CEL.gz	SCZ	SCZ_6	pfc	M	58.0	W	7.7	6.22	7.3	M	False
GSM1304986	schiz_pfc_7	GSM1304986_7_SCZ_B46.CEL.gz	SCZ	SCZ_7	pfc	F	44.0	B	18.7	6.2	7.6	F	True
GSM1304987	schiz_pfc_9	GSM1304987_9_SCZ_B46.CEL.gz	SCZ	SCZ_9	pfc	M	52.0	B	27.1	6.68	7.4	M	False
GSM1304988	bipolar_str_1	GSM1304988_EA11002_238261_HG-U133_PLUS_2_STRB1.CEL.gz	BD	BD_1	str	M	50.0	W	12.1	6.7	8.6	M	False
GSM1304989	bipolar_str_2	GSM1304989_EA11002_238265_HG-U133_PLUS_2_STRB2.CEL.gz	BD	BD_2	str	M	40.0	W	18.5	6.4	8.4	M	False
GSM1304990	bipolar_str_3	GSM1304990_EA11002_238269_HG-U133_PLUS_2_STRB3.CEL.gz	BD	BD_3	str	F	39.0	W	22.2	6.7	9.1	F	False
GSM1304991	bipolar_str_4	GSM1304991_EA11002_238273_HG-U133_PLUS_2_STRB4.CEL.gz	BD	BD_4	str	M	45.0	W	27.2	7.1	8.7	M	False
GSM1304992	bipolar_str_5	GSM1304992_EA11002_238277_HG-U133_PLUS_2_STRB5.CEL.gz	BD	BD_5	str	M	42.0	W	12.5	6.7	8.7	M	False
GSM1304993	bipolar_str_6	GSM1304993_EA11002_238281_HG-U133_PLUS_2_STRB6.CEL.gz	BD	BD_6	str	M	65.0	W	8.9	6.7	8.3	M	False
GSM1304994	bipolar_str_7	GSM1304994_EA11002_238285_HG-U133_PLUS_2_STRB7.CEL.gz	BD	BD_7	str	F	51.0	W	21.5	6.7	8.4	F	False
GSM1304995	bipolar_str_8	GSM1304995_EA11002_238289_HG-U133_PLUS_2_STRB8.CEL.gz	BD	BD_8	str	M	39.0	W	24.2	6.6	8.5	M	False
GSM1304996	bipolar_str_9	GSM1304996_EA11002_238293_HG-U133_PLUS_2_STRB9.CEL.gz	BD	BD_9	str	M	48.0	W	18.1	6.9	8.8	M	False
GSM1304997	bipolar_str_10	GSM1304997_EA11002_238297_HG-U133_PLUS_2_STRB10.CEL.gz	BD	BD_10	str	M	52.0	W	23.5	6.7	9.1	M	False
GSM1304998	bipolar_str_11	GSM1304998_EA11002_238301_HG-U133_PLUS_2_STRB11.CEL.gz	BD	BD_11	str	F	50.0	W	11.7	6.4	8.4	F	False
GSM1304999	bipolar_str_12	GSM1304999_EA11002_238305_HG-U133_PLUS_2_STRB12.CEL.gz	BD	BD_12	str	F	28.0	W	22.3	6.3	9.0	F	False
GSM1305000	bipolar_str_13	GSM1305000_EA11002_238309_HG-U133_PLUS_2_STRB13.CEL.gz	BD	BD_13	str	F	55.0	W	17.5	6.4	6.0	F	False
GSM1305001	bipolar_str_14	GSM1305001_EA11002_238313_HG-U133_PLUS_2_STRB14.CEL.gz	BD	BD_14	str	M	58.0	W	27.7	6.8	6.6	M	False
GSM1305002	bipolar_str_16	GSM1305002_EA11002_238321_HG-U133_PLUS_2_STRB16.CEL.gz	BD	BD_16	str	F	49.0	W	21.5	6.7	8.7	F	False
GSM1305003	bipolar_str_17	GSM1305003_EA11002_238325_HG-U133_PLUS_2_STRB17.CEL.gz	BD	BD_17	str	F	56.0	W	24.5	6.1	7.7	F	False
GSM1305004	bipolar_str_18	GSM1305004_EA11002_238329_HG-U133_PLUS_2_STRB18.CEL.gz	BD	BD_18	str	F	42.0	W	31.2	6.5	6.8	F	True
GSM1305005	control_str_1	GSM1305005_EA11002_238259_HG-U133_PLUS_2_STRC1.CEL.gz	Control	Control_1	str	M	49.0	W	21.2	6.5	8.4	M	False
GSM1305006	control_str_2	GSM1305006_EA11002_238263_HG-U133_PLUS_2_STRC2.CEL.gz	Control	Control_2	str	M	48.0	W	21.68	6.6	7.5	M	False
GSM1305007	control_str_3	GSM1305007_EA11002_238267_HG-U133_PLUS_2_STRC3.CEL.gz	Control	Control_3	str	F	39.0	W	24.5	6.8	7.5	F	False
GSM1305008	control_str_4	GSM1305008_EA11002_238271_HG-U133_PLUS_2_STRC4.CEL.gz	Control	Control_4	str	M	48.0	W	24.5	6.5	7.6	M	False
GSM1305009	control_str_5	GSM1305009_EA11002_238275_HG-U133_PLUS_2_STRC5.CEL.gz	Control	Control_5	str	M	43.0	W	13.8	6.6	8.7	M	False
GSM1305010	control_str_6	GSM1305010_EA11002_238279_HG-U133_PLUS_2_STRC6.CEL.gz	Control	Control_6	str	M	68.0	W	11.8	6.8	8.5	M	False
GSM1305011	control_str_7	GSM1305011_EA11002_238283_HG-U133_PLUS_2_STRC7.CEL.gz	Control	Control_7	str	F	58.0	W	18.8	6.6	8.6	M	False
GSM1305012	control_str_8	GSM1305012_EA11002_238287_HG-U133_PLUS_2_STRC8.CEL.gz	Control	Control_8	str	M	43.0	W	22.3	6.7	8.5	M	False
GSM1305013	control_str_9	GSM1305013_EA11002_238291_HG-U133_PLUS_2_STRC9.CEL.gz	Control	Control_9	str	M	46.0	W	22.0	6.3	7.0	M	False
GSM1305014	control_str_10	GSM1305014_EA11002_238295_HG-U133_PLUS_2_STRC10.CEL.gz	Control	Control_10	str	M	51.0	W	24.2	6.6	8.3	M	False
GSM1305015	control_str_11	GSM1305015_EA11002_238299_HG-U133_PLUS_2_STRC11.CEL.gz	Control	Control_11	str	F	51.0	W	7.8	6.6	9.0	F	False
GSM1305016	control_str_12	GSM1305016_EA11002_238303_HG-U133_PLUS_2_STRC12.CEL.gz	Control	Control_12	str	F	36.0	W	14.5	6.4	9.3	F	False
GSM1305017	control_str_13	GSM1305017_EA11002_238307_HG-U133_PLUS_2_STRC13.CEL.gz	Control	Control_13	str	F	65.0	W	18.5	6.5	7.4	F	False
GSM1305018	control_str_14	GSM1305018_EA11002_238311_HG-U133_PLUS_2_STRC14.CEL.gz	Control	Control_14	str	M	55.0	W	28.0	6.1	7.6	M	False
GSM1305019	control_str_15	GSM1305019_EA11002_238315_HG-U133_PLUS_2_STRC15.CEL.gz	Control	Control_15	str	M	22.0	W	20.1	6.8	7.4	M	False
GSM1305020	control_str_16	GSM1305020_EA11002_238319_HG-U133_PLUS_2_STRC16.CEL.gz	Control	Control_16	str	F	52.0	W	22.6	7.1	8.8	F	False
GSM1305021	control_str_17	GSM1305021_EA11002_238323_HG-U133_PLUS_2_STRC17.CEL.gz	Control	Control_17	str	F	58.0	W	22.7	6.4	9.0	F	False
GSM1305022	control_str_18	GSM1305022_EA11002_238327_HG-U133_PLUS_2_STRC18.CEL.gz	Control	Control_18	str	F	40.0	B	16.6	6.8	8.7	F	False
GSM1305023	MDD_str_1	GSM1305023_EA11002_238262_HG-U133_PLUS_2_STRM1.CEL.gz	MDD	MDD_1	str	M	42.0	W	14.3	6.4	8.7	M	False
GSM1305024	MDD_str_2	GSM1305024_EA11002_238266_HG-U133_PLUS_2_STRM2.CEL.gz	MDD	MDD_2	str	M	44.0	W	19.3	6.5	8.5	M	True
GSM1305025	MDD_str_4	GSM1305025_EA11002_238274_HG-U133_PLUS_2_STRM4.CEL.gz	MDD	MDD_4	str	M	47.0	W	24.0	6.6	7.3	M	False
GSM1305026	MDD_str_5	GSM1305026_EA11002_238278_HG-U133_PLUS_2_STRM5.CEL.gz	MDD	MDD_5	str	M	44.0	W	11.0	6.5	7.7	M	False
GSM1305027	MDD_str_6	GSM1305027_EA11002_238282_HG-U133_PLUS_2_STRM6.CEL.gz	MDD	MDD_6	str	M	59.0	W	13.0	6.6	8.4	M	False
GSM1305028	MDD_str_7	GSM1305028_EA11002_238286_HG-U133_PLUS_2_STRM7.CEL.gz	MDD	MDD_7	str	F	47.0	W	22.3	6.6	8.2	F	False
GSM1305029	MDD_str_8	GSM1305029_EA11002_238290_HG-U133_PLUS_2_STRM8.CEL.gz	MDD	MDD_8	str	M	34.0	W	24.4	6.6	9.1	M	False
GSM1305030	MDD_str_9	GSM1305030_EA11002_238294_HG-U133_PLUS_2_STRM9.CEL.gz	MDD	MDD_9	str	M	51.0	W	28.3	7.3	8.6	M	False
GSM1305031	MDD_str_10	GSM1305031_EA11002_238298_HG-U133_PLUS_2_STRM10.CEL.gz	MDD	MDD_10	str	M	51.0	W	24.6	6.5	8.3	M	False
GSM1305032	MDD_str_11	GSM1305032_EA11002_238302_HG-U133_PLUS_2_STRM11.CEL.gz	MDD	MDD_11	str	F	53.0	W	11.9	6.7	8.8	F	True
GSM1305033	MDD_str_12	GSM1305033_EA11002_238306_HG-U133_PLUS_2_STRM12.CEL.gz	MDD	MDD_12	str	F	26.0	W	13.4	6.4	9.2	F	False
GSM1305034	MDD_str_13	GSM1305034_EA11002_238310_HG-U133_PLUS_2_STRM13.CEL.gz	MDD	MDD_13	str	F	52.0	W	10.3	6.5	6.7	F	False
GSM1305035	MDD_str_14	GSM1305035_EA11002_238314_HG-U133_PLUS_2_STRM14.CEL.gz	MDD	MDD_14	str	M	62.0	W	26.0	6.5	7.5	M	False
GSM1305036	MDD_str_15	GSM1305036_EA11002_238318_HG-U133_PLUS_2_STRM15.CEL.gz	MDD	MDD_15	str	M	29.0	W	26.6	6.9	9.2	M	False
GSM1305037	MDD_str_16	GSM1305037_EA11002_238322_HG-U133_PLUS_2_STRM16.CEL.gz	MDD	MDD_16	str	F	49.0	W	23.4	6.4	6.7	F	False
GSM1305038	MDD_str_17	GSM1305038_EA11002_238326_HG-U133_PLUS_2_STRM17.CEL.gz	MDD	MDD_17	str	F	54.0	W	17.9	6.2	9.0	F	False
GSM1305039	schiz_str_1	GSM1305039_EA11002_238260_HG-U133_PLUS_2_STRS1.CEL.gz	SCZ	SCZ_1	str	M	50.0	W	11.0	6.23	8.5	M	False
GSM1305040	schiz_str_2	GSM1305040_EA11002_238264_HG-U133_PLUS_2_STRS2.CEL.gz	SCZ	SCZ_2	str	M	46.0	W	15.8	6.19	7.8	M	False
GSM1305041	schiz_str_3	GSM1305041_EA11002_238268_HG-U133_PLUS_2_STRS3.CEL.gz	SCZ	SCZ_3	str	F	41.0	W	20.1	6.27	8.6	F	False
GSM1305042	schiz_str_4	GSM1305042_EA11002_238272_HG-U133_PLUS_2_STRS4.CEL.gz	SCZ	SCZ_4	str	M	47.0	W	28.9	6.58	8.4	M	True
GSM1305043	schiz_str_5	GSM1305043_EA11002_238276_HG-U133_PLUS_2_STRS5.CEL.gz	SCZ	SCZ_5	str	M	37.0	B	5.98	6.07	6.9	M	False
GSM1305044	schiz_str_6	GSM1305044_EA11002_238280_HG-U133_PLUS_2_STRS6.CEL.gz	SCZ	SCZ_6	str	M	58.0	W	7.7	6.22	6.7	M	False
GSM1305045	schiz_str_7	GSM1305045_EA11002_238284_HG-U133_PLUS_2_STRS7.CEL.gz	SCZ	SCZ_7	str	F	44.0	B	18.7	6.2	6.9	F	True
GSM1305046	schiz_str_8	GSM1305046_EA11002_238288_HG-U133_PLUS_2_STRS8.CEL.gz	SCZ	SCZ_8	str	M	38.0	W	28.8	6.56	6.8	M	False
GSM1305047	schiz_str_9	GSM1305047_EA11002_238292_HG-U133_PLUS_2_STRS9.CEL.gz	SCZ	SCZ_9	str	M	52.0	B	27.1	6.68	8.5	M	False
GSM1305048	schiz_str_10	GSM1305048_EA11002_238296_HG-U133_PLUS_2_STRS10.CEL.gz	SCZ	SCZ_10	str	M	49.0	W	21.5	5.97	8.4	M	False
GSM1305049	schiz_str_11	GSM1305049_EA11002_238300_HG-U133_PLUS_2_STRS11.CEL.gz	SCZ	SCZ_11	str	F	47.0	W	14.37	6.35	8.9	F	False
GSM1305050	schiz_str_12	GSM1305050_EA11002_238304_HG-U133_PLUS_2_STRS12.CEL.gz	SCZ	SCZ_12	str	F	25.0	B	20.1	6.73	7.3	F	False
GSM1305051	schiz_str_13	GSM1305051_EA11002_238308_HG-U133_PLUS_2_STRS13.CEL.gz	SCZ	SCZ_13	str	F	41.0	W	17.1	6.9	7.3	F	False
GSM1305052	schiz_str_14	GSM1305052_EA11002_238312_HG-U133_PLUS_2_STRS14.CEL.gz	SCZ	SCZ_14	str	M	62.0	W	22.7	7.14	7.8	M	False
GSM1305053	schiz_str_15	GSM1305053_EA11002_238316_HG-U133_PLUS_2_STRS15.CEL.gz	SCZ	SCZ_15	str	M	32.0	W	30.8	6.18	7.1	M	False
GSM1305054	schiz_str_16	GSM1305054_EA11002_238320_HG-U133_PLUS_2_STRS16.CEL.gz	SCZ	SCZ_16	str	F	47.0	B	20.1	7.3	8.8	F	False
GSM1305055	schiz_str_17	GSM1305055_EA11002_238324_HG-U133_PLUS_2_STRS17.CEL.gz	SCZ	SCZ_17	str	F	50.0	B	22.9	6.25	8.0	F	False
GSM1305056	schiz_str_18	GSM1305056_EA11002_238328_HG-U133_PLUS_2_STRS18.CEL.gz	SCZ	SCZ_18	str	F	44.0	W	24.5	6.63	9.0	F	False
